Kind,Name,AvgCyclomatic,SumCyclomatic,MaxEssential,MaxNesting
File,"Address.java",1,18,1,1
File,"AddressException.java",1,1,1,0
File,"Authentication.java",1,7,1,2
File,"AuthenticationController.java",2,8,1,3
File,"AuthenticationDAO.java",2,4,1,1
File,"AuthenticationException.java",1,1,1,0
File,"AuthenticationView.java",1,2,1,0
File,"ButtonColumn.java",1,22,1,1
File,"CPF.java",2,11,1,3
File,"CPFException.java",1,1,1,0
File,"Class.java",1,36,3,2
File,"ClassController.java",2,16,1,1
File,"ClassDAO.java",3,32,1,3
File,"ClassDecorator.java",1,4,1,0
File,"ClassException.java",1,1,1,0
File,"ClassForm.java",1,4,1,0
File,"ClassShowForm.java",1,3,1,0
File,"ClassView.java",1,1,1,0
File,"Course.java",1,14,1,1
File,"CourseController.java",1,17,1,1
File,"CourseDAO.java",2,21,1,3
File,"CourseException.java",1,1,1,0
File,"DAO.java",1,5,1,1
File,"DatabaseConfig.java",1,4,1,0
File,"Date.java",2,37,1,2
File,"DateException.java",1,1,1,0
File,"EditClassDecorator.java",1,12,1,2
File,"EditCourseDecorator.java",2,18,1,2
File,"EditPackageDecorator.java",2,34,1,3
File,"EditStudents.java",3,9,1,2
File,"EditTeacherDecorator.java",1,15,1,2
File,"Enroll.java",1,1,1,0
File,"EnrollController.java",1,5,1,1
File,"EnrollStudentDecorator.java",2,43,1,2
File,"EnrollStudentInMoreCourses.java",2,34,1,2
File,"EnrollStudentToClass.java",1,14,1,1
File,"FactoryConnection.java",1,4,1,1
File,"M001_CreatingCourseTable.java",1,2,1,0
File,"M002_CreatingUserTable.java",1,2,1,0
File,"M003_CreatingPackageTable.java",1,2,1,0
File,"M004_CreatingPackageCourseTable.java",1,2,1,0
File,"M005_AddingStatusColumnToPackageTable.java",1,2,1,0
File,"M006_CreatingStudentTable.java",1,2,1,0
File,"M007_CreatingPaymentTable.java",1,2,1,0
File,"M008_CreatingServiceTable.java",1,2,1,0
File,"M009_CreatingServiceAssociationsTable.java",1,2,1,0
File,"M010_CreatingPaymentDescriptionTable.java",6,12,1,4
File,"M011_CreatingTeacherTable.java",1,2,1,0
File,"M012_CreatingClassTable.java",1,2,1,0
File,"M013_AddingClassStatusColumn.java",1,2,1,0
File,"M014_AddingStudentClassAttributes.java",1,2,1,0
File,"M015_UpdatingIdClassColumnToClass.java",1,2,1,0
File,"Migration.java",1,6,1,1
File,"Model.java",2,11,1,2
File,"NewClassDecorator.java",1,17,1,2
File,"NewCourseDecorator.java",2,10,1,2
File,"NewPackageDecorator.java",2,26,1,3
File,"NewTeacherDecorator.java",1,11,1,2
File,"Package.java",1,19,1,2
File,"PackageController.java",2,18,3,3
File,"PackageDAO.java",3,36,1,3
File,"PackageException.java",1,1,1,0
File,"Payment.java",1,19,1,2
File,"PaymentController.java",1,6,1,2
File,"PaymentDAO.java",2,11,1,3
File,"PaymentDescription.java",2,22,1,2
File,"PaymentException.java",1,1,1,0
File,"Person.java",1,34,1,2
File,"PersonDecorator.java",1,4,1,0
File,"PersonException.java",1,1,1,0
File,"PersonForm.java",1,3,1,0
File,"PersonView.java",1,2,1,0
File,"Phone.java",1,10,1,1
File,"PhoneException.java",1,1,1,0
File,"RG.java",1,11,1,1
File,"RGException.java",1,1,1,0
File,"RunMigration.java",2,2,1,1
File,"SearchClass.java",1,22,1,4
File,"SearchCourse.java",2,22,1,2
File,"SearchPackage.java",1,28,1,2
File,"SearchStudent.java",2,19,1,2
File,"SearchTeacher.java",2,17,1,3
File,"Service.java",1,33,1,2
File,"ServiceController.java",2,18,1,3
File,"ServiceDAO.java",2,15,1,2
File,"ServiceException.java",1,1,1,0
File,"ServiceItem.java",1,18,1,2
File,"ServiceItemDecorator.java",1,4,1,0
File,"ServiceItemException.java",1,1,1,0
File,"ServiceItemForm.java",1,3,1,0
File,"ServiceItemView.java",1,1,1,0
File,"ShowCourseDecorator.java",1,19,1,3
File,"ShowPackageDecorator.java",1,22,1,3
File,"ShowStudentDecorator.java",2,29,1,3
File,"ShowStudentsClassDecorator.java",2,30,3,3
File,"ShowTeacherDecorator.java",1,18,1,3
File,"SimCta.java",1,13,1,2
File,"Student.java",1,5,1,0
File,"StudentClass.java",1,26,1,2
File,"StudentClassController.java",2,17,1,2
File,"StudentClassDAO.java",3,13,1,4
File,"StudentClassException.java",1,1,1,0
File,"StudentController.java",1,15,1,2
File,"StudentDAO.java",3,23,1,4
File,"StudentException.java",1,1,1,0
File,"StudentForm.java",1,4,1,0
File,"Teacher.java",1,7,1,1
File,"TeacherController.java",1,17,1,1
File,"TeacherDAO.java",3,24,1,4
File,"TeacherException.java",1,1,1,0
File,"TeacherForm.java",1,4,1,1
File,"UpdateDirectorPassword.java",1,3,1,1
File,"View.java",1,34,4,4
Package,"controller",1,138,3,3
Public Class,"controller.AuthenticationController",2,8,1,3
Public Constructor,"controller.AuthenticationController.AuthenticationController",,1,,0
Public Method,"controller.AuthenticationController.checkDataFromUser",,3,,1
Public Method,"controller.AuthenticationController.updateDirectorPassword",,4,,3
Public Class,"controller.ClassController",2,16,1,1
Public Constructor,"controller.ClassController.ClassController",,1,,0
Public Method,"controller.ClassController.closeClass",,2,,1
Public Method,"controller.ClassController.getClass",,1,,0
Public Method,"controller.ClassController.getClasses",,2,,1
Public Method,"controller.ClassController.newClass",,4,,1
Public Method,"controller.ClassController.searchClass",,2,,1
Public Method,"controller.ClassController.setClassDAO",,1,,0
Public Method,"controller.ClassController.updateClass",,3,,1
Public Class,"controller.CourseController",1,17,1,1
Public Constructor,"controller.CourseController.CourseController",,1,,0
Public Method,"controller.CourseController.alterStatusCourse",,2,,1
Public Method,"controller.CourseController.get",,2,,1
Public Method,"controller.CourseController.newCourse",,2,,1
Public Method,"controller.CourseController.newCourse",,2,,1
Private Method,"controller.CourseController.saveCourse",,2,,1
Public Method,"controller.CourseController.setCourseDAO",,1,,0
Public Method,"controller.CourseController.showCourse",,1,,0
Public Method,"controller.CourseController.showCourse",,1,,0
Public Method,"controller.CourseController.showCourse",,1,,0
Public Method,"controller.CourseController.updateCourse",,2,,1
Public Abstract Class,"controller.Enroll",1,1,1,0
Protected Method,"controller.Enroll.enroll",,1,,0
Protected Abstract Method,"controller.Enroll.saveService",,0,,0
Protected Abstract Method,"controller.Enroll.saveStudent",,0,,0
Public Class,"controller.EnrollController",1,5,1,1
Public Constructor,"controller.EnrollController.EnrollController",,1,,0
Public Method,"controller.EnrollController.enrollStudent",,2,,1
Protected Method,"controller.EnrollController.saveService",,1,,0
Protected Method,"controller.EnrollController.saveStudent",,1,,0
Public Class,"controller.PackageController",2,18,3,3
Public Constructor,"controller.PackageController.PackageController",,1,,0
Public Method,"controller.PackageController.alterStatusOfThePackage",,2,,1
Public Method,"controller.PackageController.getPackage",,1,,0
Public Method,"controller.PackageController.getPackages",,1,,0
Public Method,"controller.PackageController.newPackage",,4,,3
Public Method,"controller.PackageController.searchPackageByName",,3,,2
Public Method,"controller.PackageController.setPackageDAO",,1,,0
Public Method,"controller.PackageController.showPackage",,1,,0
Public Method,"controller.PackageController.updatePackage",,4,,3
Public Class,"controller.PaymentController",1,6,1,2
Public Constructor,"controller.PaymentController.PaymentController",,1,,0
Public Method,"controller.PaymentController.newPayment",,1,,0
Public Method,"controller.PaymentController.searchPayment",,3,,2
Public Method,"controller.PaymentController.setPaymentDAO",,1,,0
Public Class,"controller.ServiceController",2,18,1,3
Public Constructor,"controller.ServiceController.ServiceController",,1,,0
Private Method,"controller.ServiceController.addCoursesToService",,4,,3
Private Method,"controller.ServiceController.addPackagesToService",,4,,3
Public Method,"controller.ServiceController.newService",,1,,0
Public Method,"controller.ServiceController.newService",,1,,0
Public Method,"controller.ServiceController.saveService",,2,,1
Public Method,"controller.ServiceController.searchService",,3,,2
Public Method,"controller.ServiceController.setPaymentController",,1,,0
Public Method,"controller.ServiceController.setServiceDAO",,1,,0
Public Class,"controller.StudentClassController",2,17,1,2
Public Constructor,"controller.StudentClassController.StudentClassController",,1,,0
Public Method,"controller.StudentClassController.convertAbsenceStringToInteger",,2,,1
Public Method,"controller.StudentClassController.convertGradeStringToInteger",,2,,1
Public Method,"controller.StudentClassController.enrollStudentToClass",,3,,2
Public Method,"controller.StudentClassController.getStudentSituation",,3,,2
Public Method,"controller.StudentClassController.getStudents",,3,,2
Public Method,"controller.StudentClassController.setDAO",,1,,0
Public Method,"controller.StudentClassController.setStudentSituation",,2,,1
Public Class,"controller.StudentController",1,15,1,2
Public Constructor,"controller.StudentController.StudentController",,1,,0
Public Method,"controller.StudentController.alterStatusOfTheStudent",,2,,1
Public Method,"controller.StudentController.getStudent",,2,,1
Public Method,"controller.StudentController.getStudentsOfCourse",,1,,0
Public Method,"controller.StudentController.newStudent",,2,,1
Public Method,"controller.StudentController.saveStudent",,3,,2
Public Method,"controller.StudentController.searchStudent",,1,,0
Public Method,"controller.StudentController.setServiceController",,1,,0
Public Method,"controller.StudentController.setStudentDAO",,1,,0
Public Method,"controller.StudentController.updateStudent",,1,,0
Public Class,"controller.TeacherController",1,17,1,1
Public Constructor,"controller.TeacherController.TeacherController",,1,,0
Public Method,"controller.TeacherController.activateTeacher",,2,,1
Public Method,"controller.TeacherController.disableTeacher",,2,,1
Public Method,"controller.TeacherController.getTeacher",,2,,1
Public Method,"controller.TeacherController.getTeachers",,2,,1
Public Method,"controller.TeacherController.getTeachers",,2,,1
Public Method,"controller.TeacherController.newTeacher",,2,,1
Public Method,"controller.TeacherController.setTeacherDAO",,1,,0
Public Method,"controller.TeacherController.updateTeacher",,2,,1
Private Method,"controller.TeacherController.updateTeacherStatus",,1,,0
Package,"dao",2,192,1,4
Public Class,"dao.AuthenticationDAO",2,4,1,1
Public Method,"dao.AuthenticationDAO.get",,2,,1
Public Method,"dao.AuthenticationDAO.update",,2,,1
Public Class,"dao.ClassDAO",3,32,1,3
Private Method,"dao.ClassDAO.checkIfClassAlreadyExists",,3,,2
Public Method,"dao.ClassDAO.getClass",,4,,3
Public Method,"dao.ClassDAO.getClassByResultSet",,1,,0
Public Method,"dao.ClassDAO.getClasses",,10,,3
Public Method,"dao.ClassDAO.getCourse",,1,,0
Public Method,"dao.ClassDAO.getTeacher",,1,,0
Public Method,"dao.ClassDAO.save",,3,,2
Public Method,"dao.ClassDAO.searchClassByCode",,4,,3
Public Method,"dao.ClassDAO.update",,3,,2
Public Method,"dao.ClassDAO.update",,2,,1
Public Class,"dao.CourseDAO",2,21,1,3
Public Method,"dao.CourseDAO.get",,4,,3
Public Method,"dao.CourseDAO.get",,3,,2
Public Method,"dao.CourseDAO.get",,3,,2
Public Method,"dao.CourseDAO.get",,2,,1
Public Method,"dao.CourseDAO.getStatus",,2,,1
Public Method,"dao.CourseDAO.save",,3,,1
Public Method,"dao.CourseDAO.update",,2,,1
Public Method,"dao.CourseDAO.updateStatus",,2,,1
Public Abstract Class,"dao.DAO",1,5,1,1
Private Method,"dao.DAO.connectToDB",,1,,0
Protected Method,"dao.DAO.execute",,1,,0
Protected Method,"dao.DAO.getNextId",,2,,1
Protected Method,"dao.DAO.search",,1,,0
Public Class,"dao.DatabaseConfig",1,4,1,0
Public Constructor,"dao.DatabaseConfig.DatabaseConfig",,1,,0
Public Method,"dao.DatabaseConfig.local",,1,,0
Public Method,"dao.DatabaseConfig.password",,1,,0
Public Method,"dao.DatabaseConfig.user",,1,,0
Public Class,"dao.FactoryConnection",1,4,1,1
Public Static Method,"dao.FactoryConnection.establishConnection",,1,,0
Private Method,"dao.FactoryConnection.getConnection",,1,,0
Private Static Method,"dao.FactoryConnection.getInstance",,2,,1
Public Class,"dao.PackageDAO",3,36,1,3
Public Constructor,"dao.PackageDAO.PackageDAO",,1,,0
Private Method,"dao.PackageDAO.disassociateAllCoursesOfPackage",,2,,1
Public Method,"dao.PackageDAO.get",,5,,3
Public Method,"dao.PackageDAO.get",,4,,3
Public Method,"dao.PackageDAO.get",,4,,3
Private Method,"dao.PackageDAO.getPackageCourses",,2,,1
Public Method,"dao.PackageDAO.getTheLastId",,4,,2
Public Method,"dao.PackageDAO.save",,3,,2
Private Method,"dao.PackageDAO.saveDataOfPackageCourse",,2,,1
Public Method,"dao.PackageDAO.update",,4,,2
Public Method,"dao.PackageDAO.update",,2,,1
Private Method,"dao.PackageDAO.updatePackageCourses",,3,,2
Public Class,"dao.PaymentDAO",2,11,1,3
Public Constructor,"dao.PaymentDAO.PaymentDAO",,1,,0
Public Method,"dao.PaymentDAO.get",,4,,3
Private Method,"dao.PaymentDAO.getPaymentDescription",,3,,2
Public Method,"dao.PaymentDAO.save",,3,,2
Public Class,"dao.ServiceDAO",2,15,1,2
Public Constructor,"dao.ServiceDAO.ServiceDAO",,1,,0
Private Method,"dao.ServiceDAO.addServiceCourses",,3,,2
Private Method,"dao.ServiceDAO.addServicePackages",,3,,2
Public Method,"dao.ServiceDAO.get",,3,,2
Public Method,"dao.ServiceDAO.save",,2,,1
Private Method,"dao.ServiceDAO.saveServiceItens",,3,,2
Public Class,"dao.StudentClassDAO",3,13,1,4
Public Method,"dao.StudentClassDAO.enrollStudentInClass",,2,,1
Public Method,"dao.StudentClassDAO.get",,5,,4
Public Method,"dao.StudentClassDAO.get",,4,,3
Public Method,"dao.StudentClassDAO.update",,2,,1
Public Class,"dao.StudentDAO",3,23,1,4
Public Method,"dao.StudentDAO.get",,3,,2
Public Method,"dao.StudentDAO.get",,5,,4
Public Method,"dao.StudentDAO.get",,3,,2
Private Method,"dao.StudentDAO.getFoundStudent",,2,,1
Public Method,"dao.StudentDAO.save",,5,,4
Public Method,"dao.StudentDAO.update",,3,,1
Public Method,"dao.StudentDAO.updateStudent",,2,,1
Public Class,"dao.TeacherDAO",3,24,1,4
Public Method,"dao.TeacherDAO.get",,4,,2
Public Method,"dao.TeacherDAO.get",,4,,2
Public Method,"dao.TeacherDAO.get",,4,,2
Private Method,"dao.TeacherDAO.getFoundTeacher",,2,,1
Public Method,"dao.TeacherDAO.save",,5,,4
Public Method,"dao.TeacherDAO.update",,3,,1
Public Method,"dao.TeacherDAO.updateStatus",,2,,1
Package,"datatype",1,87,1,3
Public Class,"datatype.Address",1,18,1,1
Public Constructor,"datatype.Address.Address",,1,,0
Public Constructor,"datatype.Address.Address",,1,,0
Public Method,"datatype.Address.getAddressInfo",,1,,0
Public Method,"datatype.Address.getCep",,1,,0
Public Method,"datatype.Address.getCity",,1,,0
Public Method,"datatype.Address.getComplement",,1,,0
Public Method,"datatype.Address.getCompleteAddress",,1,,0
Public Method,"datatype.Address.getNumber",,1,,0
Private Method,"datatype.Address.setAddressInfo",,2,,1
Private Method,"datatype.Address.setCep",,2,,1
Private Method,"datatype.Address.setCity",,2,,1
Private Method,"datatype.Address.setComplement",,2,,1
Private Method,"datatype.Address.setNumber",,2,,1
Public Class,"datatype.CPF",2,11,1,3
Public Constructor,"datatype.CPF.CPF",,1,,0
Public Method,"datatype.CPF.getCpf",,1,,0
Public Method,"datatype.CPF.getFormattedCpf",,1,,0
Private Method,"datatype.CPF.setCPF",,4,,3
Private Method,"datatype.CPF.validateCpf",,4,,1
Public Class,"datatype.Date",2,37,1,2
Public Constructor,"datatype.Date.Date",,1,,0
Public Constructor,"datatype.Date.Date",,1,,0
Private Method,"datatype.Date.checkIfYearIsBissextile",,3,,2
Public Method,"datatype.Date.getDateFromString",,4,,2
Public Method,"datatype.Date.getDay",,1,,0
Public Method,"datatype.Date.getHyphenFormattedDate",,1,,0
Public Method,"datatype.Date.getMonth",,1,,0
Public Method,"datatype.Date.getSlashFormattedDate",,2,,1
Public Method,"datatype.Date.getWholeDate",,3,,1
Public Method,"datatype.Date.getYear",,1,,0
Private Method,"datatype.Date.setDay",,15,,2
Private Method,"datatype.Date.setMonth",,2,,1
Private Method,"datatype.Date.setYear",,2,,1
Public Class,"datatype.Phone",1,10,1,1
Public Constructor,"datatype.Phone.Phone",,1,,0
Public Constructor,"datatype.Phone.Phone",,1,,0
Public Method,"datatype.Phone.getDDD",,1,,0
Public Method,"datatype.Phone.getFormattedPhone",,1,,0
Public Method,"datatype.Phone.getNumber",,1,,0
Public Method,"datatype.Phone.getWholePhone",,1,,0
Private Method,"datatype.Phone.setDDD",,2,,1
Private Method,"datatype.Phone.setNumber",,2,,1
Public Class,"datatype.RG",1,11,1,1
Public Constructor,"datatype.RG.RG",,1,,0
Public Method,"datatype.RG.getFormattedRg",,1,,0
Public Method,"datatype.RG.getIssuingInstitution",,1,,0
Public Method,"datatype.RG.getRgNumber",,1,,0
Public Method,"datatype.RG.getUf",,1,,0
Private Method,"datatype.RG.setIssuingInstitution",,2,,1
Private Method,"datatype.RG.setRgNumber",,2,,1
Private Method,"datatype.RG.setUf",,2,,1
Package,"exception",1,16,1,0
Public Class,"exception.AddressException",1,1,1,0
Public Constructor,"exception.AddressException.AddressException",,1,,0
Public Class,"exception.AuthenticationException",1,1,1,0
Public Constructor,"exception.AuthenticationException.AuthenticationException",,1,,0
Public Class,"exception.CPFException",1,1,1,0
Public Constructor,"exception.CPFException.CPFException",,1,,0
Public Class,"exception.ClassException",1,1,1,0
Public Constructor,"exception.ClassException.ClassException",,1,,0
Public Class,"exception.CourseException",1,1,1,0
Public Constructor,"exception.CourseException.CourseException",,1,,0
Public Class,"exception.DateException",1,1,1,0
Public Constructor,"exception.DateException.DateException",,1,,0
Public Class,"exception.PackageException",1,1,1,0
Public Constructor,"exception.PackageException.PackageException",,1,,0
Public Class,"exception.PaymentException",1,1,1,0
Public Constructor,"exception.PaymentException.PaymentException",,1,,0
Public Class,"exception.PersonException",1,1,1,0
Public Constructor,"exception.PersonException.PersonException",,1,,0
Public Class,"exception.PhoneException",1,1,1,0
Public Constructor,"exception.PhoneException.PhoneException",,1,,0
Public Class,"exception.RGException",1,1,1,0
Public Constructor,"exception.RGException.RGException",,1,,0
Public Class,"exception.ServiceException",1,1,1,0
Public Constructor,"exception.ServiceException.ServiceException",,1,,0
Public Class,"exception.ServiceItemException",1,1,1,0
Public Constructor,"exception.ServiceItemException.ServiceItemException",,1,,0
Public Class,"exception.StudentClassException",1,1,1,0
Public Constructor,"exception.StudentClassException.StudentClassException",,1,,0
Public Class,"exception.StudentException",1,1,1,0
Public Constructor,"exception.StudentException.StudentException",,1,,0
Public Class,"exception.TeacherException",1,1,1,0
Public Constructor,"exception.TeacherException.TeacherException",,1,,0
Package,"migration",1,48,1,4
Public Class,"migration.M001_CreatingCourseTable",1,2,1,0
Public Constructor,"migration.M001_CreatingCourseTable.M001_CreatingCourseTable",,1,,0
Public Method,"migration.M001_CreatingCourseTable.up",,1,,0
Public Class,"migration.M002_CreatingUserTable",1,2,1,0
Public Constructor,"migration.M002_CreatingUserTable.M002_CreatingUserTable",,1,,0
Public Method,"migration.M002_CreatingUserTable.up",,1,,0
Public Class,"migration.M003_CreatingPackageTable",1,2,1,0
Public Constructor,"migration.M003_CreatingPackageTable.M003_CreatingPackageTable",,1,,0
Public Method,"migration.M003_CreatingPackageTable.up",,1,,0
Public Class,"migration.M004_CreatingPackageCourseTable",1,2,1,0
Public Constructor,"migration.M004_CreatingPackageCourseTable.M004_CreatingPackageCourseTable",,1,,0
Public Method,"migration.M004_CreatingPackageCourseTable.up",,1,,0
Public Class,"migration.M005_AddingStatusColumnToPackageTable",1,2,1,0
Public Constructor,"migration.M005_AddingStatusColumnToPackageTable.M005_AddingStatusColumnToPackageTable",,1,,0
Public Method,"migration.M005_AddingStatusColumnToPackageTable.up",,1,,0
Public Class,"migration.M006_CreatingStudentTable",1,2,1,0
Public Constructor,"migration.M006_CreatingStudentTable.M006_CreatingStudentTable",,1,,0
Public Method,"migration.M006_CreatingStudentTable.up",,1,,0
Public Class,"migration.M007_CreatingPaymentTable",1,2,1,0
Public Constructor,"migration.M007_CreatingPaymentTable.M007_CreatingPaymentTable",,1,,0
Public Method,"migration.M007_CreatingPaymentTable.up",,1,,0
Public Class,"migration.M008_CreatingServiceTable",1,2,1,0
Public Constructor,"migration.M008_CreatingServiceTable.M008_CreatingServiceTable",,1,,0
Public Method,"migration.M008_CreatingServiceTable.up",,1,,0
Public Class,"migration.M009_CreatingServiceAssociationsTable",1,2,1,0
Public Constructor,"migration.M009_CreatingServiceAssociationsTable.M009_CreatingServiceAssociationsTable",,1,,0
Public Method,"migration.M009_CreatingServiceAssociationsTable.up",,1,,0
Public Class,"migration.M010_CreatingPaymentDescriptionTable",6,12,1,4
Public Constructor,"migration.M010_CreatingPaymentDescriptionTable.M010_CreatingPaymentDescriptionTable",,1,,0
Public Method,"migration.M010_CreatingPaymentDescriptionTable.up",,11,,4
Public Class,"migration.M011_CreatingTeacherTable",1,2,1,0
Public Constructor,"migration.M011_CreatingTeacherTable.M011_CreatingTeacherTable",,1,,0
Public Method,"migration.M011_CreatingTeacherTable.up",,1,,0
Public Class,"migration.M012_CreatingClassTable",1,2,1,0
Public Constructor,"migration.M012_CreatingClassTable.M012_CreatingClassTable",,1,,0
Public Method,"migration.M012_CreatingClassTable.up",,1,,0
Public Class,"migration.M013_AddingClassStatusColumn",1,2,1,0
Public Constructor,"migration.M013_AddingClassStatusColumn.M013_AddingClassStatusColumn",,1,,0
Public Method,"migration.M013_AddingClassStatusColumn.up",,1,,0
Public Class,"migration.M014_AddingStudentClassAttributes",1,2,1,0
Public Constructor,"migration.M014_AddingStudentClassAttributes.M014_AddingStudentClassAttributes",,1,,0
Public Method,"migration.M014_AddingStudentClassAttributes.up",,1,,0
Public Class,"migration.M015_UpdatingIdClassColumnToClass",1,2,1,0
Public Constructor,"migration.M015_UpdatingIdClassColumnToClass.M015_UpdatingIdClassColumnToClass",,1,,0
Public Method,"migration.M015_UpdatingIdClassColumnToClass.up",,1,,0
Public Abstract Class,"migration.Migration",1,6,1,1
Private Method,"migration.Migration.createMigrationTable",,1,,0
Protected Method,"migration.Migration.run",,2,,1
Protected Method,"migration.Migration.setQuery",,1,,0
Protected Method,"migration.Migration.setVersion",,1,,0
Private Method,"migration.Migration.updateMigrationVersion",,1,,0
Public Class,"migration.RunMigration",2,2,1,1
Public Static Method,"migration.RunMigration.main",,2,,1
Package,"model",1,251,3,2
Public Class,"model.Authentication",1,7,1,2
Public Constructor,"model.Authentication.Authentication",,1,,0
Public Constructor,"model.Authentication.Authentication",,1,,0
Public Method,"model.Authentication.getPassword",,1,,0
Private Method,"model.Authentication.setPassword",,4,,2
Public Class,"model.Class",1,36,3,2
Public Constructor,"model.Class.Class",,1,,0
Public Constructor,"model.Class.Class",,1,,0
Public Constructor,"model.Class.Class",,1,,0
Public Constructor,"model.Class.Class",,1,,0
Public Constructor,"model.Class.Class",,1,,0
Private Method,"model.Class.generateClassID",,1,,0
Private Method,"model.Class.generateEndDate",,2,,1
Public Method,"model.Class.getClassDuration",,1,,0
Public Method,"model.Class.getClassId",,1,,0
Public Method,"model.Class.getCourse",,1,,0
Private Method,"model.Class.getCourseFirstName",,3,,2
Public Method,"model.Class.getEndDate",,1,,0
Public Method,"model.Class.getShift",,1,,0
Public Method,"model.Class.getStartDate",,1,,0
Public Method,"model.Class.getStatus",,1,,0
Public Method,"model.Class.getStudents",,1,,0
Public Method,"model.Class.getTeacher",,1,,0
Private Method,"model.Class.setClassId",,1,,0
Private Method,"model.Class.setCourse",,2,,1
Private Method,"model.Class.setEndDate",,2,,1
Private Method,"model.Class.setShift",,5,,2
Private Method,"model.Class.setStartDate",,2,,1
Private Method,"model.Class.setStatus",,2,,1
Private Method,"model.Class.setTeacher",,2,,1
Public Class,"model.Course",1,14,1,1
Public Constructor,"model.Course.Course",,2,,1
Public Constructor,"model.Course.Course",,1,,0
Public Constructor,"model.Course.Course",,2,,1
Public Constructor,"model.Course.Course",,2,,1
Public Constructor,"model.Course.Course",,2,,1
Public Constructor,"model.Course.Course",,2,,1
Public Method,"model.Course.getCourseDescription",,1,,0
Private Method,"model.Course.setCourseDescription",,2,,1
Public Abstract Class,"model.Model",2,11,1,2
Protected Method,"model.Model.containsOnlyLetters",,3,,2
Protected Method,"model.Model.containsOnlyLettersAndSpaces",,3,,2
Protected Method,"model.Model.containsOnlyNumbers",,3,,2
Protected Method,"model.Model.isNotEmpty",,2,,1
Public Class,"model.Package",1,19,1,2
Public Constructor,"model.Package.Package",,1,,0
Public Constructor,"model.Package.Package",,2,,1
Public Constructor,"model.Package.Package",,2,,1
Public Constructor,"model.Package.Package",,2,,1
Public Constructor,"model.Package.Package",,2,,1
Public Method,"model.Package.addServiceItem",,3,,2
Private Method,"model.Package.calculateDuration",,2,,1
Public Method,"model.Package.getCourses",,2,,1
Public Method,"model.Package.getServiceItens",,1,,0
Private Method,"model.Package.setDuration",,1,,0
Private Method,"model.Package.setServiceItens",,1,,0
Public Class,"model.Payment",1,19,1,2
Public Constructor,"model.Payment.Payment",,1,,0
Public Constructor,"model.Payment.Payment",,1,,0
Public Constructor,"model.Payment.Payment",,1,,0
Public Constructor,"model.Payment.Payment",,1,,0
Public Constructor,"model.Payment.Payment",,1,,0
Public Method,"model.Payment.getDescription",,1,,0
Public Method,"model.Payment.getInstallments",,1,,0
Public Method,"model.Payment.getPaymentId",,1,,0
Public Method,"model.Payment.getService",,1,,0
Public Method,"model.Payment.getValue",,1,,0
Private Method,"model.Payment.setDescription",,1,,0
Private Method,"model.Payment.setInstallments",,3,,2
Private Method,"model.Payment.setPaymentId",,2,,1
Private Method,"model.Payment.setService",,2,,1
Private Method,"model.Payment.setValue",,1,,0
Public Class,"model.PaymentDescription",2,22,1,2
Public Constructor,"model.PaymentDescription.PaymentDescription",,1,,0
Public Method,"model.PaymentDescription.getDescription",,1,,0
Public Method,"model.PaymentDescription.getPaymentDescriptionId",,1,,0
Public Method,"model.PaymentDescription.getPaymentForm",,1,,0
Public Method,"model.PaymentDescription.getPaymentType",,1,,0
Private Method,"model.PaymentDescription.setPaymentDescription",,9,,2
Private Method,"model.PaymentDescription.setPaymentDescriptionId",,1,,0
Private Method,"model.PaymentDescription.setPaymentForm",,4,,1
Private Method,"model.PaymentDescription.setPaymentType",,3,,1
Public Class,"model.Person",1,34,1,2
Public Method,"model.Person.getAddress",,1,,0
Public Method,"model.Person.getBirthdate",,1,,0
Public Method,"model.Person.getCpf",,1,,0
Public Method,"model.Person.getEmail",,1,,0
Public Method,"model.Person.getFatherName",,1,,0
Public Method,"model.Person.getMotherName",,1,,0
Public Method,"model.Person.getName",,1,,0
Public Method,"model.Person.getPrincipalPhone",,1,,0
Public Method,"model.Person.getRg",,1,,0
Public Method,"model.Person.getSecondaryPhone",,1,,0
Public Method,"model.Person.getStatus",,1,,0
Protected Method,"model.Person.setAddress",,2,,1
Protected Method,"model.Person.setBirthdate",,2,,1
Protected Method,"model.Person.setCpf",,2,,1
Protected Method,"model.Person.setEmail",,3,,2
Protected Method,"model.Person.setFatherName",,3,,2
Protected Method,"model.Person.setMotherName",,2,,1
Protected Method,"model.Person.setName",,2,,1
Protected Method,"model.Person.setPrincipalPhone",,2,,1
Protected Method,"model.Person.setRg",,2,,1
Protected Method,"model.Person.setSecondaryPhone",,1,,0
Protected Method,"model.Person.setStatus",,2,,1
Public Class,"model.Service",1,33,1,2
Public Constructor,"model.Service.Service",,1,,0
Public Constructor,"model.Service.Service",,1,,0
Public Constructor,"model.Service.Service",,2,,1
Public Constructor,"model.Service.Service",,1,,0
Public Method,"model.Service.addItem",,2,,1
Public Method,"model.Service.addPayment",,2,,1
Public Method,"model.Service.getContractsDate",,1,,0
Public Method,"model.Service.getCourses",,3,,2
Public Method,"model.Service.getInstallmentsValue",,2,,1
Public Method,"model.Service.getItens",,1,,0
Public Method,"model.Service.getPackages",,3,,2
Public Method,"model.Service.getPayment",,1,,0
Public Method,"model.Service.getServiceId",,1,,0
Public Method,"model.Service.getStudent",,1,,0
Public Method,"model.Service.getTotalValue",,1,,0
Public Method,"model.Service.getTotalValueFormatted",,2,,1
Private Method,"model.Service.setContractsDate",,2,,1
Private Method,"model.Service.setPayment",,1,,0
Private Method,"model.Service.setServiceId",,2,,1
Private Method,"model.Service.setStudent",,2,,1
Private Method,"model.Service.setTotalValue",,1,,0
Public Abstract Class,"model.ServiceItem",1,18,1,2
Public Method,"model.ServiceItem.getDuration",,1,,0
Public Method,"model.ServiceItem.getFormattedValue",,1,,0
Public Method,"model.ServiceItem.getId",,1,,0
Public Method,"model.ServiceItem.getName",,1,,0
Public Method,"model.ServiceItem.getStatus",,1,,0
Public Method,"model.ServiceItem.getValue",,1,,0
Protected Method,"model.ServiceItem.setDuration",,2,,1
Protected Method,"model.ServiceItem.setId",,2,,1
Protected Method,"model.ServiceItem.setName",,2,,1
Protected Method,"model.ServiceItem.setStatus",,4,,2
Protected Method,"model.ServiceItem.setValue",,2,,1
Public Class,"model.Student",1,5,1,0
Public Constructor,"model.Student.Student",,1,,0
Public Constructor,"model.Student.Student",,1,,0
Public Constructor,"model.Student.Student",,1,,0
Public Constructor,"model.Student.Student",,1,,0
Public Constructor,"model.Student.Student",,1,,0
Public Class,"model.StudentClass",1,26,1,2
Public Constructor,"model.StudentClass.StudentClass",,1,,0
Public Constructor,"model.StudentClass.StudentClass",,1,,0
Public Constructor,"model.StudentClass.StudentClass",,1,,0
Private Method,"model.StudentClass.assessSituation",,3,,2
Private Method,"model.StudentClass.calculatePercentOfAbsence",,1,,0
Private Method,"model.StudentClass.convertGradeToDouble",,1,,0
Public Method,"model.StudentClass.getAbsences",,1,,0
Public Method,"model.StudentClass.getEnrolledClass",,1,,0
Public Method,"model.StudentClass.getGrade",,1,,0
Public Method,"model.StudentClass.getStudent",,1,,0
Public Method,"model.StudentClass.getStudentSituation",,1,,0
Private Method,"model.StudentClass.setAbsences",,3,,2
Private Method,"model.StudentClass.setEnrolledClass",,2,,1
Private Method,"model.StudentClass.setGrade",,3,,2
Private Method,"model.StudentClass.setSituation",,3,,1
Private Method,"model.StudentClass.setStudent",,2,,1
Public Class,"model.Teacher",1,7,1,1
Public Constructor,"model.Teacher.Teacher",,1,,0
Public Constructor,"model.Teacher.Teacher",,1,,0
Public Constructor,"model.Teacher.Teacher",,1,,0
Public Constructor,"model.Teacher.Teacher",,1,,0
Public Method,"model.Teacher.getQualification",,1,,0
Private Method,"model.Teacher.setQualification",,2,,1
Package,"util",1,22,1,1
Public Class,"util.ButtonColumn",1,22,1,1
Public Constructor,"util.ButtonColumn.ButtonColumn",,1,,0
Public Method,"util.ButtonColumn.actionPerformed",,1,,0
Public Method,"util.ButtonColumn.getCellEditorValue",,1,,0
Public Method,"util.ButtonColumn.getFocusBorder",,1,,0
Public Method,"util.ButtonColumn.getMnemonic",,1,,0
Public Method,"util.ButtonColumn.getTableCellEditorComponent",,3,,1
Public Method,"util.ButtonColumn.getTableCellRendererComponent",,5,,1
Public Method,"util.ButtonColumn.mouseClicked",,1,,0
Public Method,"util.ButtonColumn.mouseEntered",,1,,0
Public Method,"util.ButtonColumn.mouseExited",,1,,0
Public Method,"util.ButtonColumn.mousePressed",,2,,1
Public Method,"util.ButtonColumn.mouseReleased",,2,,1
Public Method,"util.ButtonColumn.setFocusBorder",,1,,0
Public Method,"util.ButtonColumn.setMnemonic",,1,,0
Package,"view",1,221,4,4
Public Class,"view.AuthenticationView",1,2,1,0
Public Constructor,"view.AuthenticationView.AuthenticationView",,1,,0
Public Method,"view.AuthenticationView.authenticateUser",,1,,0
Public Abstract Class,"view.ClassView",1,1,1,0
Public Method,"view.ClassView.buildScreen",,1,,0
Public Abstract Method,"view.ClassView.createButtons",,0,,0
Public Abstract Method,"view.ClassView.createLabelsAndFields",,0,,0
Public Abstract Method,"view.ClassView.createMasks",,0,,0
Public Class,"view.EditStudents",5,5,1,0
Public Constructor,"view.EditStudents.EditStudents",,5,,0
Anonymous Class,"view.EditStudents.EditStudents.(Anon_1)",3,3,1,2
Public Method,"view.EditStudents.EditStudents.(Anon_1).mouseClicked",,3,,2
Anonymous Class,"view.EditStudents.EditStudents.(Anon_2)",1,1,1,0
Public Method,"view.EditStudents.EditStudents.(Anon_2).actionPerformed",,1,,0
Public Class,"view.EnrollStudentInMoreCourses",3,26,1,2
Public Constructor,"view.EnrollStudentInMoreCourses.EnrollStudentInMoreCourses",,2,,1
Protected Method,"view.EnrollStudentInMoreCourses.createLabelsAndFields",,1,,0
Anonymous Class,"view.EnrollStudentInMoreCourses.createLabelsAndFields.(Anon_1)",2,2,1,1
Public Method,"view.EnrollStudentInMoreCourses.createLabelsAndFields.(Anon_1).mouseClicked",,2,,1
Anonymous Class,"view.EnrollStudentInMoreCourses.createLabelsAndFields.(Anon_2)",1,2,1,0
Public Method,"view.EnrollStudentInMoreCourses.createLabelsAndFields.(Anon_2).actionPerformed",,1,,0
Private Method,"view.EnrollStudentInMoreCourses.createLabelsAndFields.(Anon_2).addCourseToAddedCourses",,1,,0
Anonymous Class,"view.EnrollStudentInMoreCourses.createLabelsAndFields.(Anon_3)",1,1,1,0
Public Method,"view.EnrollStudentInMoreCourses.createLabelsAndFields.(Anon_3).actionPerformed",,1,,0
Anonymous Class,"view.EnrollStudentInMoreCourses.createLabelsAndFields.(Anon_4)",1,2,1,0
Public Method,"view.EnrollStudentInMoreCourses.createLabelsAndFields.(Anon_4).actionPerformed",,1,,0
Private Method,"view.EnrollStudentInMoreCourses.createLabelsAndFields.(Anon_4).addPackageToAddedCourses",,1,,0
Anonymous Class,"view.EnrollStudentInMoreCourses.createLabelsAndFields.(Anon_5)",1,1,1,0
Public Method,"view.EnrollStudentInMoreCourses.createLabelsAndFields.(Anon_5).actionPerformed",,1,,0
Private Method,"view.EnrollStudentInMoreCourses.disposeColumns",,1,,0
Private Method,"view.EnrollStudentInMoreCourses.getAllCoursesToSelect",,2,,1
Private Method,"view.EnrollStudentInMoreCourses.getAllPackagesToSelect",,2,,1
Private Method,"view.EnrollStudentInMoreCourses.prepareData",,16,,2
Private Method,"view.EnrollStudentInMoreCourses.setStudentCpf",,1,,0
Private Method,"view.EnrollStudentInMoreCourses.showInformationOfStudent",,1,,0
Public Class,"view.EnrollStudentToClass",1,7,1,1
Public Constructor,"view.EnrollStudentToClass.EnrollStudentToClass",,1,,0
Private Method,"view.EnrollStudentToClass.addButtons",,1,,0
Anonymous Class,"view.EnrollStudentToClass.addButtons.(Anon_2)",2,2,1,1
Public Method,"view.EnrollStudentToClass.addButtons.(Anon_2).mouseClicked",,2,,1
Anonymous Class,"view.EnrollStudentToClass.addButtons.(Anon_3)",2,2,1,1
Public Method,"view.EnrollStudentToClass.addButtons.(Anon_3).mouseClicked",,2,,1
Anonymous Class,"view.EnrollStudentToClass.addButtons.(Anon_4)",1,1,1,0
Public Method,"view.EnrollStudentToClass.addButtons.(Anon_4).mouseClicked",,1,,0
Public Method,"view.EnrollStudentToClass.createLabelsAndFields",,1,,0
Private Method,"view.EnrollStudentToClass.enrollStudents",,1,,0
Anonymous Class,"view.EnrollStudentToClass.enrollStudents.(Anon_1)",2,2,1,1
Public Method,"view.EnrollStudentToClass.enrollStudents.(Anon_1).mouseClicked",,2,,1
Public Method,"view.EnrollStudentToClass.getStudentsToSelect",,3,,1
Public Abstract Class,"view.PersonView",1,2,1,0
Public Method,"view.PersonView.buildScreen",,1,,0
Public Method,"view.PersonView.buildScreens",,1,,0
Public Abstract Method,"view.PersonView.createButtons",,0,,0
Public Abstract Method,"view.PersonView.createLabelsAndFields",,0,,0
Public Abstract Method,"view.PersonView.createMasks",,0,,0
Public Class,"view.SearchClass",1,9,1,0
Public Constructor,"view.SearchClass.SearchClass",,1,,0
Public Method,"view.SearchClass.createButtonsAndListeners",,1,,0
Anonymous Class,"view.SearchClass.createButtonsAndListeners.(Anon_1)",2,2,1,1
Public Method,"view.SearchClass.createButtonsAndListeners.(Anon_1).itemStateChanged",,2,,1
Anonymous Class,"view.SearchClass.createButtonsAndListeners.(Anon_2)",1,1,1,0
Public Method,"view.SearchClass.createButtonsAndListeners.(Anon_2).itemStateChanged",,1,,0
Anonymous Class,"view.SearchClass.createButtonsAndListeners.(Anon_3)",6,6,1,4
Public Method,"view.SearchClass.createButtonsAndListeners.(Anon_3).actionPerformed",,6,,4
Public Method,"view.SearchClass.createComboBoxes",,1,,0
Public Method,"view.SearchClass.createLabelsAndFields",,1,,0
Public Method,"view.SearchClass.createStructOfResultTable",,1,,0
Anonymous Class,"view.SearchClass.createStructOfResultTable.(Anon_4)",1,1,1,0
Public Method,"view.SearchClass.createStructOfResultTable.(Anon_4).actionPerformed",,1,,0
Anonymous Class,"view.SearchClass.createStructOfResultTable.(Anon_5)",1,1,1,0
Public Method,"view.SearchClass.createStructOfResultTable.(Anon_5).actionPerformed",,1,,0
Anonymous Class,"view.SearchClass.createStructOfResultTable.(Anon_6)",2,2,1,1
Public Method,"view.SearchClass.createStructOfResultTable.(Anon_6).actionPerformed",,2,,1
Public Method,"view.SearchClass.createStructOfWindow",,1,,0
Public Method,"view.SearchClass.getLineOfStringByClass",,1,,0
Private Method,"view.SearchClass.initialize",,1,,0
Public Method,"view.SearchClass.resetTable",,1,,0
Public Class,"view.SearchCourse",2,15,1,2
Public Constructor,"view.SearchCourse.SearchCourse",,1,,0
Private Method,"view.SearchCourse.buildTableWithSearchedCourse",,3,,2
Public Method,"view.SearchCourse.createButtons",,1,,0
Anonymous Class,"view.SearchCourse.createButtons.(Anon_3)",3,3,1,2
Public Method,"view.SearchCourse.createButtons.(Anon_3).actionPerformed",,3,,2
Public Method,"view.SearchCourse.createLabelsAndFields",,3,,1
Anonymous Class,"view.SearchCourse.createLabelsAndFields.(Anon_1)",2,2,1,1
Public Method,"view.SearchCourse.createLabelsAndFields.(Anon_1).isCellEditable",,2,,1
Anonymous Class,"view.SearchCourse.createLabelsAndFields.(Anon_2)",2,2,1,1
Public Method,"view.SearchCourse.createLabelsAndFields.(Anon_2).actionPerformed",,2,,1
Public Method,"view.SearchCourse.createMasks",,1,,0
Public Method,"view.SearchCourse.getAllCourses",,3,,2
Private Method,"view.SearchCourse.showActiveOrInactive",,3,,1
Public Class,"view.SearchPackage",1,11,1,2
Public Method,"view.SearchPackage.createButtons",,1,,0
Anonymous Class,"view.SearchPackage.createButtons.(Anon_5)",5,5,1,2
Public Method,"view.SearchPackage.createButtons.(Anon_5).actionPerformed",,5,,2
Public Method,"view.SearchPackage.createLabelsAndFields",,2,,0
Anonymous Class,"view.SearchPackage.createLabelsAndFields.(Anon_1)",2,2,1,1
Public Method,"view.SearchPackage.createLabelsAndFields.(Anon_1).isCellEditable",,2,,1
Anonymous Class,"view.SearchPackage.createLabelsAndFields.(Anon_2)",2,2,1,1
Public Method,"view.SearchPackage.createLabelsAndFields.(Anon_2).actionPerformed",,2,,1
Anonymous Class,"view.SearchPackage.createLabelsAndFields.(Anon_3)",1,5,1,1
Public Method,"view.SearchPackage.createLabelsAndFields.(Anon_3).changedUpdate",,1,,0
Public Method,"view.SearchPackage.createLabelsAndFields.(Anon_3).insertUpdate",,1,,0
Public Method,"view.SearchPackage.createLabelsAndFields.(Anon_3).removeUpdate",,1,,0
Public Method,"view.SearchPackage.createLabelsAndFields.(Anon_3).warn",,2,,1
Anonymous Class,"view.SearchPackage.createLabelsAndFields.(Anon_4)",3,3,1,1
Public Method,"view.SearchPackage.createLabelsAndFields.(Anon_4).actionPerformed",,3,,1
Public Method,"view.SearchPackage.createMasks",,1,,0
Public Method,"view.SearchPackage.getPackageById",,1,,0
Public Method,"view.SearchPackage.getSearchedPackage",,3,,2
Private Method,"view.SearchPackage.passValueToMonetaryForm",,1,,0
Private Method,"view.SearchPackage.showActiveOrInactive",,2,,1
Public Class,"view.SearchStudent",1,9,1,2
Public Constructor,"view.SearchStudent.SearchStudent",,1,,0
Private Method,"view.SearchStudent.buildTableWithSearchedStudent",,3,,2
Public Method,"view.SearchStudent.createButtons",,1,,0
Anonymous Class,"view.SearchStudent.createButtons.(Anon_3)",4,4,1,2
Public Method,"view.SearchStudent.createButtons.(Anon_3).actionPerformed",,4,,2
Public Method,"view.SearchStudent.createLabelsAndFields",,1,,0
Anonymous Class,"view.SearchStudent.createLabelsAndFields.(Anon_1)",2,2,1,1
Public Method,"view.SearchStudent.createLabelsAndFields.(Anon_1).isCellEditable",,2,,1
Anonymous Class,"view.SearchStudent.createLabelsAndFields.(Anon_2)",4,4,1,1
Public Method,"view.SearchStudent.createLabelsAndFields.(Anon_2).actionPerformed",,4,,1
Public Method,"view.SearchStudent.createMasks",,1,,0
Private Method,"view.SearchStudent.visualizeStudent",,2,,1
Public Class,"view.SearchTeacher",1,9,1,3
Public Method,"view.SearchTeacher.addFields",,1,,0
Anonymous Class,"view.SearchTeacher.addFields.(Anon_1)",2,2,1,1
Public Method,"view.SearchTeacher.addFields.(Anon_1).isCellEditable",,2,,1
Anonymous Class,"view.SearchTeacher.addFields.(Anon_2)",2,2,1,1
Public Method,"view.SearchTeacher.addFields.(Anon_2).actionPerformed",,2,,1
Public Method,"view.SearchTeacher.createButtons",,1,,0
Anonymous Class,"view.SearchTeacher.createButtons.(Anon_3)",4,4,1,3
Public Method,"view.SearchTeacher.createButtons.(Anon_3).mouseClicked",,4,,3
Public Method,"view.SearchTeacher.createLabelsAndFields",,2,,1
Public Method,"view.SearchTeacher.createMasks",,1,,0
Private Method,"view.SearchTeacher.fillTableWithAllTeachers",,4,,3
Public Abstract Class,"view.ServiceItemView",1,1,1,0
Public Method,"view.ServiceItemView.buildScreen",,1,,0
Public Abstract Method,"view.ServiceItemView.createButtons",,0,,0
Public Abstract Method,"view.ServiceItemView.createLabelsAndFields",,0,,0
Public Abstract Method,"view.ServiceItemView.createMasks",,0,,0
Public Class,"view.SimCta",1,6,1,0
Public Constructor,"view.SimCta.SimCta",,1,,0
Private Method,"view.SimCta.createLinkToClasses",,1,,0
Anonymous Class,"view.SimCta.createLinkToClasses.(Anon_4)",1,1,1,0
Public Method,"view.SimCta.createLinkToClasses.(Anon_4).mouseClicked",,1,,0
Private Method,"view.SimCta.createLinkToCourses",,1,,0
Anonymous Class,"view.SimCta.createLinkToCourses.(Anon_5)",1,1,1,0
Public Method,"view.SimCta.createLinkToCourses.(Anon_5).mouseClicked",,1,,0
Private Method,"view.SimCta.createLinkToPackages",,1,,0
Anonymous Class,"view.SimCta.createLinkToPackages.(Anon_3)",1,1,1,0
Public Method,"view.SimCta.createLinkToPackages.(Anon_3).mouseClicked",,1,,0
Private Method,"view.SimCta.createLinkToStudents",,1,,0
Anonymous Class,"view.SimCta.createLinkToStudents.(Anon_2)",1,1,1,0
Public Method,"view.SimCta.createLinkToStudents.(Anon_2).mouseClicked",,1,,0
Public Static Method,"view.SimCta.main",,1,,0
Anonymous Class,"view.SimCta.main.(Anon_1)",3,3,1,2
Public Method,"view.SimCta.main.(Anon_1).run",,3,,2
Public Class,"view.UpdateDirectorPassword",1,1,1,0
Public Constructor,"view.UpdateDirectorPassword.UpdateDirectorPassword",,1,,0
Anonymous Class,"view.UpdateDirectorPassword.UpdateDirectorPassword.(Anon_1)",2,2,1,1
Public Method,"view.UpdateDirectorPassword.UpdateDirectorPassword.(Anon_1).mouseClicked",,2,,1
Public Class,"view.View",1,17,4,4
Public Constructor,"view.View.View",,1,,0
Private Method,"view.View.addClassOptionsToMenu",,1,,0
Anonymous Class,"view.View.addClassOptionsToMenu.(Anon_4)",1,1,1,0
Public Method,"view.View.addClassOptionsToMenu.(Anon_4).actionPerformed",,1,,0
Anonymous Class,"view.View.addClassOptionsToMenu.(Anon_5)",1,1,1,0
Public Method,"view.View.addClassOptionsToMenu.(Anon_5).actionPerformed",,1,,0
Private Method,"view.View.addCourseOptionsToMenu",,1,,0
Anonymous Class,"view.View.addCourseOptionsToMenu.(Anon_12)",2,2,1,1
Public Method,"view.View.addCourseOptionsToMenu.(Anon_12).actionPerformed",,2,,1
Anonymous Class,"view.View.addCourseOptionsToMenu.(Anon_13)",1,1,1,0
Public Method,"view.View.addCourseOptionsToMenu.(Anon_13).actionPerformed",,1,,0
Private Method,"view.View.addDirectorOptionsToMenu",,1,,0
Anonymous Class,"view.View.addDirectorOptionsToMenu.(Anon_3)",2,2,1,1
Public Method,"view.View.addDirectorOptionsToMenu.(Anon_3).actionPerformed",,2,,1
Private Method,"view.View.addPackageOptionsToMenu",,1,,0
Anonymous Class,"view.View.addPackageOptionsToMenu.(Anon_10)",2,2,1,1
Public Method,"view.View.addPackageOptionsToMenu.(Anon_10).actionPerformed",,2,,1
Anonymous Class,"view.View.addPackageOptionsToMenu.(Anon_11)",1,1,1,0
Public Method,"view.View.addPackageOptionsToMenu.(Anon_11).actionPerformed",,1,,0
Private Method,"view.View.addStudentsOptionsToMenu",,1,,0
Anonymous Class,"view.View.addStudentsOptionsToMenu.(Anon_8)",1,1,1,0
Public Method,"view.View.addStudentsOptionsToMenu.(Anon_8).actionPerformed",,1,,0
Anonymous Class,"view.View.addStudentsOptionsToMenu.(Anon_9)",1,1,1,0
Public Method,"view.View.addStudentsOptionsToMenu.(Anon_9).actionPerformed",,1,,0
Private Method,"view.View.addTeacherOptionsToMenu",,1,,0
Anonymous Class,"view.View.addTeacherOptionsToMenu.(Anon_6)",1,1,1,0
Public Method,"view.View.addTeacherOptionsToMenu.(Anon_6).actionPerformed",,1,,0
Anonymous Class,"view.View.addTeacherOptionsToMenu.(Anon_7)",1,1,1,0
Public Method,"view.View.addTeacherOptionsToMenu.(Anon_7).actionPerformed",,1,,0
Protected Method,"view.View.getPermissionToAccess",,6,,4
Protected Method,"view.View.instantiateMenuBar",,2,,1
Anonymous Class,"view.View.instantiateMenuBar.(Anon_2)",1,1,1,0
Public Method,"view.View.instantiateMenuBar.(Anon_2).actionPerformed",,1,,0
Public Static Method,"view.View.main",,1,,0
Anonymous Class,"view.View.main.(Anon_1)",2,2,1,1
Public Method,"view.View.main.(Anon_1).run",,2,,1
Protected Method,"view.View.showInfoMessage",,1,,0
Package,"view.decorator",1,253,1,3
Public Class,"view.decorator.EditCourseDecorator",2,12,1,2
Public Constructor,"view.decorator.EditCourseDecorator.EditCourseDecorator",,1,,0
Public Method,"view.decorator.EditCourseDecorator.createButtons",,1,,0
Anonymous Class,"view.decorator.EditCourseDecorator.createButtons.(Anon_1)",5,5,1,2
Public Method,"view.decorator.EditCourseDecorator.createButtons.(Anon_1).mouseClicked",,5,,2
Anonymous Class,"view.decorator.EditCourseDecorator.createButtons.(Anon_2)",1,1,1,0
Public Method,"view.decorator.EditCourseDecorator.createButtons.(Anon_2).mouseClicked",,1,,0
Public Method,"view.decorator.EditCourseDecorator.createLabelsAndFields",,1,,0
Public Method,"view.decorator.EditCourseDecorator.createMasks",,7,,2
Private Method,"view.decorator.EditCourseDecorator.fillTheFields",,1,,0
Private Method,"view.decorator.EditCourseDecorator.setEditableAllFields",,1,,0
Public Class,"view.decorator.EditPackageDecorator",2,23,1,3
Public Constructor,"view.decorator.EditPackageDecorator.EditPackageDecorator",,1,,0
Private Method,"view.decorator.EditPackageDecorator.buildTableAddedCourses",,3,,1
Private Method,"view.decorator.EditPackageDecorator.calculateDuration",,2,,1
Private Method,"view.decorator.EditPackageDecorator.calculateValue",,3,,1
Public Method,"view.decorator.EditPackageDecorator.createButtons",,1,,0
Anonymous Class,"view.decorator.EditPackageDecorator.createButtons.(Anon_1)",4,4,1,2
Public Method,"view.decorator.EditPackageDecorator.createButtons.(Anon_1).mouseClicked",,4,,2
Anonymous Class,"view.decorator.EditPackageDecorator.createButtons.(Anon_2)",2,2,1,1
Public Method,"view.decorator.EditPackageDecorator.createButtons.(Anon_2).mouseClicked",,2,,1
Anonymous Class,"view.decorator.EditPackageDecorator.createButtons.(Anon_3)",4,4,1,3
Public Method,"view.decorator.EditPackageDecorator.createButtons.(Anon_3).mouseClicked",,4,,3
Anonymous Class,"view.decorator.EditPackageDecorator.createButtons.(Anon_4)",1,1,1,0
Public Method,"view.decorator.EditPackageDecorator.createButtons.(Anon_4).mouseClicked",,1,,0
Public Method,"view.decorator.EditPackageDecorator.createLabelsAndFields",,1,,0
Public Method,"view.decorator.EditPackageDecorator.createMasks",,3,,1
Private Method,"view.decorator.EditPackageDecorator.disposeColumns",,1,,0
Private Method,"view.decorator.EditPackageDecorator.eliminateAddedCoursesFromAvailableCourses",,4,,3
Private Method,"view.decorator.EditPackageDecorator.getAllCoursesToSelect",,2,,1
Private Method,"view.decorator.EditPackageDecorator.setFieldValues",,2,,1
Public Class,"view.decorator.EditTeacherDecorator",1,8,1,1
Public Constructor,"view.decorator.EditTeacherDecorator.EditTeacherDecorator",,1,,0
Public Method,"view.decorator.EditTeacherDecorator.createButtons",,1,,0
Anonymous Class,"view.decorator.EditTeacherDecorator.createButtons.(Anon_1)",3,6,1,2
Private Method,"view.decorator.EditTeacherDecorator.createButtons.(Anon_1).editTeacher",,4,,2
Public Method,"view.decorator.EditTeacherDecorator.createButtons.(Anon_1).mouseClicked",,2,,1
Anonymous Class,"view.decorator.EditTeacherDecorator.createButtons.(Anon_2)",1,1,1,0
Public Method,"view.decorator.EditTeacherDecorator.createButtons.(Anon_2).mouseClicked",,1,,0
Public Method,"view.decorator.EditTeacherDecorator.createLabelsAndFields",,1,,0
Public Method,"view.decorator.EditTeacherDecorator.createMasks",,2,,1
Private Method,"view.decorator.EditTeacherDecorator.fillTheFields",,2,,1
Private Method,"view.decorator.EditTeacherDecorator.setEditableAllFields",,1,,0
Public Class,"view.decorator.EnrollStudentDecorator",3,34,1,2
Public Constructor,"view.decorator.EnrollStudentDecorator.EnrollStudentDecorator",,1,,0
Private Method,"view.decorator.EnrollStudentDecorator.calculateValue",,4,,1
Public Method,"view.decorator.EnrollStudentDecorator.createButtons",,1,,0
Anonymous Class,"view.decorator.EnrollStudentDecorator.createButtons.(Anon_1)",1,1,1,0
Public Method,"view.decorator.EnrollStudentDecorator.createButtons.(Anon_1).mouseClicked",,1,,0
Anonymous Class,"view.decorator.EnrollStudentDecorator.createButtons.(Anon_2)",1,2,1,0
Public Method,"view.decorator.EnrollStudentDecorator.createButtons.(Anon_2).actionPerformed",,1,,0
Private Method,"view.decorator.EnrollStudentDecorator.createButtons.(Anon_2).addCourseToAddedCourses",,1,,0
Anonymous Class,"view.decorator.EnrollStudentDecorator.createButtons.(Anon_3)",2,2,1,1
Public Method,"view.decorator.EnrollStudentDecorator.createButtons.(Anon_3).actionPerformed",,2,,1
Anonymous Class,"view.decorator.EnrollStudentDecorator.createButtons.(Anon_4)",1,2,1,0
Public Method,"view.decorator.EnrollStudentDecorator.createButtons.(Anon_4).actionPerformed",,1,,0
Private Method,"view.decorator.EnrollStudentDecorator.createButtons.(Anon_4).addPackageToAddedCourses",,1,,0
Anonymous Class,"view.decorator.EnrollStudentDecorator.createButtons.(Anon_5)",2,2,1,1
Public Method,"view.decorator.EnrollStudentDecorator.createButtons.(Anon_5).actionPerformed",,2,,1
Public Method,"view.decorator.EnrollStudentDecorator.createLabelsAndFields",,2,,1
Public Method,"view.decorator.EnrollStudentDecorator.createMasks",,2,,1
Private Method,"view.decorator.EnrollStudentDecorator.disposeColumns",,1,,0
Private Method,"view.decorator.EnrollStudentDecorator.getAddedItemsValue",,2,,1
Private Method,"view.decorator.EnrollStudentDecorator.getAllCoursesToSelect",,2,,1
Private Method,"view.decorator.EnrollStudentDecorator.getAllPackagesToSelect",,2,,1
Private Method,"view.decorator.EnrollStudentDecorator.prepareData",,17,,2
Public Class,"view.decorator.NewCourseDecorator",1,5,1,1
Public Constructor,"view.decorator.NewCourseDecorator.NewCourseDecorator",,1,,0
Public Method,"view.decorator.NewCourseDecorator.createButtons",,1,,0
Anonymous Class,"view.decorator.NewCourseDecorator.createButtons.(Anon_1)",5,5,1,2
Public Method,"view.decorator.NewCourseDecorator.createButtons.(Anon_1).mouseClicked",,5,,2
Public Method,"view.decorator.NewCourseDecorator.createLabelsAndFields",,1,,0
Public Method,"view.decorator.NewCourseDecorator.createMasks",,2,,1
Public Class,"view.decorator.NewPackageDecorator",1,16,1,1
Public Constructor,"view.decorator.NewPackageDecorator.NewPackageDecorator",,1,,0
Private Method,"view.decorator.NewPackageDecorator.addCourse",,1,,0
Anonymous Class,"view.decorator.NewPackageDecorator.addCourse.(Anon_2)",2,2,1,1
Public Method,"view.decorator.NewPackageDecorator.addCourse.(Anon_2).mouseClicked",,2,,1
Anonymous Class,"view.decorator.NewPackageDecorator.addCourse.(Anon_3)",4,4,1,3
Public Method,"view.decorator.NewPackageDecorator.addCourse.(Anon_3).mouseClicked",,4,,3
Private Method,"view.decorator.NewPackageDecorator.calculateDuration",,2,,1
Private Method,"view.decorator.NewPackageDecorator.calculateValue",,3,,1
Public Method,"view.decorator.NewPackageDecorator.createButtons",,1,,0
Anonymous Class,"view.decorator.NewPackageDecorator.createButtons.(Anon_1)",4,4,1,2
Public Method,"view.decorator.NewPackageDecorator.createButtons.(Anon_1).mouseClicked",,4,,2
Public Method,"view.decorator.NewPackageDecorator.createLabelsAndFields",,2,,1
Public Method,"view.decorator.NewPackageDecorator.createLabelsAndFields",,1,,0
Public Method,"view.decorator.NewPackageDecorator.createMasks",,2,,1
Private Method,"view.decorator.NewPackageDecorator.disposeColumns",,1,,0
Public Method,"view.decorator.NewPackageDecorator.getAllCoursesToSelect",,2,,1
Public Class,"view.decorator.NewTeacherDecorator",1,9,1,2
Public Constructor,"view.decorator.NewTeacherDecorator.NewTeacherDecorator",,1,,0
Public Method,"view.decorator.NewTeacherDecorator.createButtons",,1,,0
Anonymous Class,"view.decorator.NewTeacherDecorator.createButtons.(Anon_1)",2,2,1,1
Public Method,"view.decorator.NewTeacherDecorator.createButtons.(Anon_1).mouseClicked",,2,,1
Public Method,"view.decorator.NewTeacherDecorator.createLabelsAndFields",,1,,0
Public Method,"view.decorator.NewTeacherDecorator.createMasks",,2,,1
Private Method,"view.decorator.NewTeacherDecorator.newTeacher",,4,,2
Public Abstract Class,"view.decorator.PersonDecorator",1,4,1,0
Public Constructor,"view.decorator.PersonDecorator.PersonDecorator",,1,,0
Public Method,"view.decorator.PersonDecorator.createButtons",,1,,0
Public Method,"view.decorator.PersonDecorator.createLabelsAndFields",,1,,0
Public Method,"view.decorator.PersonDecorator.createMasks",,1,,0
Public Class,"view.decorator.ServiceItemDecorator",1,4,1,0
Public Constructor,"view.decorator.ServiceItemDecorator.ServiceItemDecorator",,1,,0
Public Method,"view.decorator.ServiceItemDecorator.createButtons",,1,,0
Public Method,"view.decorator.ServiceItemDecorator.createLabelsAndFields",,1,,0
Public Method,"view.decorator.ServiceItemDecorator.createMasks",,1,,0
Public Class,"view.decorator.ShowCourseDecorator",1,11,1,1
Public Constructor,"view.decorator.ShowCourseDecorator.ShowCourseDecorator",,1,,0
Public Method,"view.decorator.ShowCourseDecorator.createButtons",,1,,0
Anonymous Class,"view.decorator.ShowCourseDecorator.createButtons.(Anon_1)",1,1,1,0
Public Method,"view.decorator.ShowCourseDecorator.createButtons.(Anon_1).mouseClicked",,1,,0
Anonymous Class,"view.decorator.ShowCourseDecorator.createButtons.(Anon_2)",1,1,1,0
Public Method,"view.decorator.ShowCourseDecorator.createButtons.(Anon_2).mouseClicked",,1,,0
Anonymous Class,"view.decorator.ShowCourseDecorator.createButtons.(Anon_3)",3,6,1,3
Public Method,"view.decorator.ShowCourseDecorator.createButtons.(Anon_3).actionPerformed",,4,,3
Private Method,"view.decorator.ShowCourseDecorator.createButtons.(Anon_3).changeStatus",,2,,1
Public Method,"view.decorator.ShowCourseDecorator.createLabelsAndFields",,1,,0
Private Method,"view.decorator.ShowCourseDecorator.fillTheFields",,1,,0
Private Method,"view.decorator.ShowCourseDecorator.setNonEditableAllFields",,1,,0
Private Method,"view.decorator.ShowCourseDecorator.showActiveOrInactive",,3,,1
Private Method,"view.decorator.ShowCourseDecorator.showsActiveOrDeactive",,3,,1
Public Class,"view.decorator.ShowPackageDecorator",1,14,1,2
Public Constructor,"view.decorator.ShowPackageDecorator.ShowPackageDecorator",,1,,0
Public Method,"view.decorator.ShowPackageDecorator.createButtons",,1,,0
Anonymous Class,"view.decorator.ShowPackageDecorator.createButtons.(Anon_1)",1,1,1,0
Public Method,"view.decorator.ShowPackageDecorator.createButtons.(Anon_1).mouseClicked",,1,,0
Anonymous Class,"view.decorator.ShowPackageDecorator.createButtons.(Anon_2)",1,1,1,0
Public Method,"view.decorator.ShowPackageDecorator.createButtons.(Anon_2).mouseClicked",,1,,0
Anonymous Class,"view.decorator.ShowPackageDecorator.createButtons.(Anon_3)",3,6,1,3
Public Method,"view.decorator.ShowPackageDecorator.createButtons.(Anon_3).actionPerformed",,4,,3
Private Method,"view.decorator.ShowPackageDecorator.createButtons.(Anon_3).changeStatus",,2,,1
Public Method,"view.decorator.ShowPackageDecorator.createLabelsAndFields",,1,,0
Private Method,"view.decorator.ShowPackageDecorator.disposeColumns",,1,,0
Private Method,"view.decorator.ShowPackageDecorator.fillTheFields",,3,,2
Private Method,"view.decorator.ShowPackageDecorator.setNonEditableAllFields",,1,,0
Private Method,"view.decorator.ShowPackageDecorator.showActiveOrInactive",,3,,1
Private Method,"view.decorator.ShowPackageDecorator.showsActiveOrDeactive",,3,,1
Public Class,"view.decorator.ShowStudentDecorator",2,20,1,3
Public Constructor,"view.decorator.ShowStudentDecorator.ShowStudentDecorator",,1,,0
Public Method,"view.decorator.ShowStudentDecorator.createButtons",,1,,0
Anonymous Class,"view.decorator.ShowStudentDecorator.createButtons.(Anon_1)",1,1,1,0
Public Method,"view.decorator.ShowStudentDecorator.createButtons.(Anon_1).mouseClicked",,1,,0
Anonymous Class,"view.decorator.ShowStudentDecorator.createButtons.(Anon_2)",1,1,1,0
Public Method,"view.decorator.ShowStudentDecorator.createButtons.(Anon_2).mouseClicked",,1,,0
Anonymous Class,"view.decorator.ShowStudentDecorator.createButtons.(Anon_3)",3,6,1,2
Public Method,"view.decorator.ShowStudentDecorator.createButtons.(Anon_3).actionPerformed",,4,,2
Private Method,"view.decorator.ShowStudentDecorator.createButtons.(Anon_3).changeStatus",,2,,1
Anonymous Class,"view.decorator.ShowStudentDecorator.createButtons.(Anon_4)",1,1,1,0
Public Method,"view.decorator.ShowStudentDecorator.createButtons.(Anon_4).actionPerformed",,1,,0
Public Method,"view.decorator.ShowStudentDecorator.createLabelsAndFields",,1,,0
Public Method,"view.decorator.ShowStudentDecorator.createMasks",,1,,0
Private Method,"view.decorator.ShowStudentDecorator.disposeColumns",,1,,0
Private Method,"view.decorator.ShowStudentDecorator.fillTheFields",,5,,3
Private Method,"view.decorator.ShowStudentDecorator.setNonEditableAllFields",,1,,0
Private Method,"view.decorator.ShowStudentDecorator.setTextToTheInactiveOrActiveButton",,2,,1
Private Method,"view.decorator.ShowStudentDecorator.visualizeServicesAndPayments",,7,,2
Public Class,"view.decorator.ShowTeacherDecorator",1,9,1,1
Public Constructor,"view.decorator.ShowTeacherDecorator.ShowTeacherDecorator",,1,,0
Public Method,"view.decorator.ShowTeacherDecorator.createButtons",,1,,0
Anonymous Class,"view.decorator.ShowTeacherDecorator.createButtons.(Anon_1)",1,1,1,0
Public Method,"view.decorator.ShowTeacherDecorator.createButtons.(Anon_1).mouseClicked",,1,,0
Anonymous Class,"view.decorator.ShowTeacherDecorator.createButtons.(Anon_2)",3,7,1,3
Private Method,"view.decorator.ShowTeacherDecorator.createButtons.(Anon_2).changeStatus",,2,,1
Public Method,"view.decorator.ShowTeacherDecorator.createButtons.(Anon_2).mouseClicked",,5,,3
Anonymous Class,"view.decorator.ShowTeacherDecorator.createButtons.(Anon_3)",1,1,1,0
Public Method,"view.decorator.ShowTeacherDecorator.createButtons.(Anon_3).mouseClicked",,1,,0
Public Method,"view.decorator.ShowTeacherDecorator.createLabelsAndFields",,1,,0
Public Method,"view.decorator.ShowTeacherDecorator.createMasks",,1,,0
Private Method,"view.decorator.ShowTeacherDecorator.fillTheFields",,2,,1
Private Method,"view.decorator.ShowTeacherDecorator.setNonEditableAllFields",,1,,0
Private Method,"view.decorator.ShowTeacherDecorator.setTextToTheDeactiveOrActiveButton",,2,,1
Package,"view.decorator.class_decorator",1,63,3,3
Public Abstract Class,"view.decorator.class_decorator.ClassDecorator",1,4,1,0
Public Constructor,"view.decorator.class_decorator.ClassDecorator.ClassDecorator",,1,,0
Public Method,"view.decorator.class_decorator.ClassDecorator.createButtons",,1,,0
Public Method,"view.decorator.class_decorator.ClassDecorator.createLabelsAndFields",,1,,0
Public Method,"view.decorator.class_decorator.ClassDecorator.createMasks",,1,,0
Public Class,"view.decorator.class_decorator.EditClassDecorator",1,9,1,2
Public Constructor,"view.decorator.class_decorator.EditClassDecorator.EditClassDecorator",,1,,0
Public Method,"view.decorator.class_decorator.EditClassDecorator.createButtons",,1,,0
Anonymous Class,"view.decorator.class_decorator.EditClassDecorator.createButtons.(Anon_1)",3,3,1,1
Public Method,"view.decorator.class_decorator.EditClassDecorator.createButtons.(Anon_1).mouseClicked",,3,,1
Public Method,"view.decorator.class_decorator.EditClassDecorator.createLabelsAndFields",,1,,0
Public Method,"view.decorator.class_decorator.EditClassDecorator.createMasks",,2,,1
Private Method,"view.decorator.class_decorator.EditClassDecorator.fillShiftsDropdown",,1,,0
Private Method,"view.decorator.class_decorator.EditClassDecorator.fillTeachersDropdown",,3,,2
Public Class,"view.decorator.class_decorator.NewClassDecorator",1,12,1,2
Public Constructor,"view.decorator.class_decorator.NewClassDecorator.NewClassDecorator",,1,,0
Public Method,"view.decorator.class_decorator.NewClassDecorator.createButtons",,1,,0
Anonymous Class,"view.decorator.class_decorator.NewClassDecorator.createButtons.(Anon_1)",1,5,1,2
Public Method,"view.decorator.class_decorator.NewClassDecorator.createButtons.(Anon_1).mouseClicked",,3,,2
Private Method,"view.decorator.class_decorator.NewClassDecorator.createButtons.(Anon_1).showClassId",,1,,0
Private Method,"view.decorator.class_decorator.NewClassDecorator.createButtons.(Anon_1).showEndDate",,1,,0
Public Method,"view.decorator.class_decorator.NewClassDecorator.createLabelsAndFields",,1,,0
Public Method,"view.decorator.class_decorator.NewClassDecorator.createMasks",,2,,1
Private Method,"view.decorator.class_decorator.NewClassDecorator.fillCoursesDropdown",,3,,2
Private Method,"view.decorator.class_decorator.NewClassDecorator.fillShiftsDropdown",,1,,0
Private Method,"view.decorator.class_decorator.NewClassDecorator.fillTeachersDropdown",,3,,2
Public Class,"view.decorator.class_decorator.ShowStudentsClassDecorator",1,21,1,2
Public Constructor,"view.decorator.class_decorator.ShowStudentsClassDecorator.ShowStudentsClassDecorator",,1,,0
Private Method,"view.decorator.class_decorator.ShowStudentsClassDecorator.closeClass",,2,,1
Public Method,"view.decorator.class_decorator.ShowStudentsClassDecorator.createButtons",,1,,0
Anonymous Class,"view.decorator.class_decorator.ShowStudentsClassDecorator.createButtons.(Anon_2)",6,6,3,3
Public Method,"view.decorator.class_decorator.ShowStudentsClassDecorator.createButtons.(Anon_2).mouseClicked",,6,,3
Anonymous Class,"view.decorator.class_decorator.ShowStudentsClassDecorator.createButtons.(Anon_3)",1,1,1,0
Public Method,"view.decorator.class_decorator.ShowStudentsClassDecorator.createButtons.(Anon_3).mouseClicked",,1,,0
Public Method,"view.decorator.class_decorator.ShowStudentsClassDecorator.createLabelsAndFields",,1,,0
Anonymous Class,"view.decorator.class_decorator.ShowStudentsClassDecorator.createLabelsAndFields.(Anon_1)",2,2,1,1
Public Method,"view.decorator.class_decorator.ShowStudentsClassDecorator.createLabelsAndFields.(Anon_1).isCellEditable",,2,,1
Public Method,"view.decorator.class_decorator.ShowStudentsClassDecorator.createMasks",,3,,2
Private Method,"view.decorator.class_decorator.ShowStudentsClassDecorator.disposeColumns",,1,,0
Private Method,"view.decorator.class_decorator.ShowStudentsClassDecorator.fillTheFields",,4,,2
Private Method,"view.decorator.class_decorator.ShowStudentsClassDecorator.getAllStudentsClass",,3,,2
Private Method,"view.decorator.class_decorator.ShowStudentsClassDecorator.getButtonText",,2,,1
Private Method,"view.decorator.class_decorator.ShowStudentsClassDecorator.getSituationOfStudentsClass",,2,,1
Private Method,"view.decorator.class_decorator.ShowStudentsClassDecorator.setStudentSituation",,1,,0
Package,"view.forms",1,21,1,1
Public Class,"view.forms.ClassForm",1,4,1,0
Public Constructor,"view.forms.ClassForm.ClassForm",,1,,0
Public Method,"view.forms.ClassForm.createButtons",,1,,0
Public Method,"view.forms.ClassForm.createLabelsAndFields",,1,,0
Public Method,"view.forms.ClassForm.createMasks",,1,,0
Public Class,"view.forms.ClassShowForm",1,3,1,0
Public Method,"view.forms.ClassShowForm.createButtons",,1,,0
Public Method,"view.forms.ClassShowForm.createLabelsAndFields",,1,,0
Public Method,"view.forms.ClassShowForm.createMasks",,1,,0
Public Class,"view.forms.PersonForm",1,3,1,0
Public Method,"view.forms.PersonForm.createButtons",,1,,0
Public Method,"view.forms.PersonForm.createLabelsAndFields",,1,,0
Public Method,"view.forms.PersonForm.createMasks",,1,,0
Public Class,"view.forms.ServiceItemForm",1,3,1,0
Public Method,"view.forms.ServiceItemForm.createButtons",,1,,0
Public Method,"view.forms.ServiceItemForm.createLabelsAndFields",,1,,0
Public Method,"view.forms.ServiceItemForm.createMasks",,1,,0
Public Class,"view.forms.StudentForm",1,4,1,0
Public Constructor,"view.forms.StudentForm.StudentForm",,1,,0
Public Method,"view.forms.StudentForm.createButtons",,1,,0
Public Method,"view.forms.StudentForm.createLabelsAndFields",,1,,0
Public Method,"view.forms.StudentForm.createMasks",,1,,0
Public Class,"view.forms.TeacherForm",1,4,1,1
Public Method,"view.forms.TeacherForm.createButtons",,1,,0
Public Method,"view.forms.TeacherForm.createLabelsAndFields",,1,,0
Public Method,"view.forms.TeacherForm.createMasks",,2,,1
