Kind,Name,CountClassDerived,CountClassBase,MaxInheritanceTree
Public Class,"controller.AuthenticationController",0,1,1
Public Class,"controller.ClassController",0,1,1
Public Class,"controller.CourseController",0,1,1
Public Abstract Class,"controller.Enroll",1,1,1
Public Class,"controller.EnrollController",0,1,2
Public Class,"controller.PackageController",0,1,1
Public Class,"controller.PaymentController",0,1,1
Public Class,"controller.ServiceController",0,1,1
Public Class,"controller.StudentClassController",0,1,1
Public Class,"controller.StudentController",0,1,1
Public Class,"controller.TeacherController",0,1,1
Public Class,"dao.AuthenticationDAO",0,1,2
Public Class,"dao.ClassDAO",0,1,2
Public Class,"dao.CourseDAO",0,1,2
Public Abstract Class,"dao.DAO",10,1,1
Public Class,"dao.DatabaseConfig",0,1,1
Public Class,"dao.FactoryConnection",0,1,1
Public Class,"dao.PackageDAO",0,1,2
Public Class,"dao.PaymentDAO",0,1,2
Public Class,"dao.ServiceDAO",0,1,2
Public Class,"dao.StudentClassDAO",0,1,2
Public Class,"dao.StudentDAO",0,1,2
Public Class,"dao.TeacherDAO",0,1,2
Public Class,"datatype.Address",0,1,2
Public Class,"datatype.CPF",0,1,2
Public Class,"datatype.Date",0,1,2
Public Class,"datatype.Phone",0,1,2
Public Class,"datatype.RG",0,1,2
Public Class,"exception.AddressException",0,1,2
Public Class,"exception.AuthenticationException",0,1,2
Public Class,"exception.CPFException",0,1,2
Public Class,"exception.ClassException",0,1,2
Public Class,"exception.CourseException",0,1,3
Public Class,"exception.DateException",0,1,2
Public Class,"exception.PackageException",0,1,3
Public Class,"exception.PaymentException",0,1,2
Public Class,"exception.PersonException",0,1,2
Public Class,"exception.PhoneException",0,1,2
Public Class,"exception.RGException",0,1,2
Public Class,"exception.ServiceException",0,1,2
Public Class,"exception.ServiceItemException",2,1,2
Public Class,"exception.StudentClassException",0,1,2
Public Class,"exception.StudentException",0,1,2
Public Class,"exception.TeacherException",0,1,2
Public Class,"migration.M001_CreatingCourseTable",0,1,3
Public Class,"migration.M002_CreatingUserTable",0,1,3
Public Class,"migration.M003_CreatingPackageTable",0,1,3
Public Class,"migration.M004_CreatingPackageCourseTable",0,1,3
Public Class,"migration.M005_AddingStatusColumnToPackageTable",0,1,3
Public Class,"migration.M006_CreatingStudentTable",0,1,3
Public Class,"migration.M007_CreatingPaymentTable",0,1,3
Public Class,"migration.M008_CreatingServiceTable",0,1,3
Public Class,"migration.M009_CreatingServiceAssociationsTable",0,1,3
Public Class,"migration.M010_CreatingPaymentDescriptionTable",0,1,3
Public Class,"migration.M011_CreatingTeacherTable",0,1,3
Public Class,"migration.M012_CreatingClassTable",0,1,3
Public Class,"migration.M013_AddingClassStatusColumn",0,1,3
Public Class,"migration.M014_AddingStudentClassAttributes",0,1,3
Public Class,"migration.M015_UpdatingIdClassColumnToClass",0,1,3
Public Abstract Class,"migration.Migration",15,1,2
Public Class,"migration.RunMigration",0,1,1
Public Class,"model.Authentication",0,1,1
Public Class,"model.Class",0,1,2
Public Class,"model.Course",0,1,3
Public Abstract Class,"model.Model",12,1,1
Public Class,"model.Package",0,1,3
Public Class,"model.Payment",0,1,2
Public Class,"model.PaymentDescription",0,1,2
Public Class,"model.Person",2,1,2
Public Class,"model.Service",0,1,2
Public Abstract Class,"model.ServiceItem",2,1,2
Public Class,"model.Student",0,1,3
Public Class,"model.StudentClass",0,1,2
Public Class,"model.Teacher",0,1,3
Public Class,"util.ButtonColumn",0,5,2
Public Class,"view.AuthenticationView",0,1,2
Public Abstract Class,"view.ClassView",3,1,3
Public Class,"view.EditStudents",0,1,3
Anonymous Class,"view.EditStudents.EditStudents.(Anon_1)",0,1,2
Anonymous Class,"view.EditStudents.EditStudents.(Anon_2)",0,1,2
Public Class,"view.EnrollStudentInMoreCourses",0,1,3
Anonymous Class,"view.EnrollStudentInMoreCourses.createLabelsAndFields.(Anon_1)",0,1,2
Anonymous Class,"view.EnrollStudentInMoreCourses.createLabelsAndFields.(Anon_2)",0,1,2
Anonymous Class,"view.EnrollStudentInMoreCourses.createLabelsAndFields.(Anon_3)",0,1,2
Anonymous Class,"view.EnrollStudentInMoreCourses.createLabelsAndFields.(Anon_4)",0,1,2
Anonymous Class,"view.EnrollStudentInMoreCourses.createLabelsAndFields.(Anon_5)",0,1,2
Public Class,"view.EnrollStudentToClass",0,1,3
Anonymous Class,"view.EnrollStudentToClass.addButtons.(Anon_2)",0,1,2
Anonymous Class,"view.EnrollStudentToClass.addButtons.(Anon_3)",0,1,2
Anonymous Class,"view.EnrollStudentToClass.addButtons.(Anon_4)",0,1,2
Anonymous Class,"view.EnrollStudentToClass.enrollStudents.(Anon_1)",0,1,2
Public Abstract Class,"view.PersonView",4,1,3
Public Class,"view.SearchClass",0,1,3
Anonymous Class,"view.SearchClass.createButtonsAndListeners.(Anon_1)",0,1,2
Anonymous Class,"view.SearchClass.createButtonsAndListeners.(Anon_2)",0,1,2
Anonymous Class,"view.SearchClass.createButtonsAndListeners.(Anon_3)",0,1,2
Anonymous Class,"view.SearchClass.createStructOfResultTable.(Anon_4)",0,1,2
Anonymous Class,"view.SearchClass.createStructOfResultTable.(Anon_5)",0,1,2
Anonymous Class,"view.SearchClass.createStructOfResultTable.(Anon_6)",0,1,2
Public Class,"view.SearchCourse",0,1,4
Anonymous Class,"view.SearchCourse.createButtons.(Anon_3)",0,1,2
Anonymous Class,"view.SearchCourse.createLabelsAndFields.(Anon_1)",0,1,2
Anonymous Class,"view.SearchCourse.createLabelsAndFields.(Anon_2)",0,1,2
Public Class,"view.SearchPackage",0,1,4
Anonymous Class,"view.SearchPackage.createButtons.(Anon_5)",0,1,2
Anonymous Class,"view.SearchPackage.createLabelsAndFields.(Anon_1)",0,1,2
Anonymous Class,"view.SearchPackage.createLabelsAndFields.(Anon_2)",0,1,2
Anonymous Class,"view.SearchPackage.createLabelsAndFields.(Anon_3)",0,1,2
Anonymous Class,"view.SearchPackage.createLabelsAndFields.(Anon_4)",0,1,2
Public Class,"view.SearchStudent",0,1,4
Anonymous Class,"view.SearchStudent.createButtons.(Anon_3)",0,1,2
Anonymous Class,"view.SearchStudent.createLabelsAndFields.(Anon_1)",0,1,2
Anonymous Class,"view.SearchStudent.createLabelsAndFields.(Anon_2)",0,1,2
Public Class,"view.SearchTeacher",0,1,4
Anonymous Class,"view.SearchTeacher.addFields.(Anon_1)",0,1,2
Anonymous Class,"view.SearchTeacher.addFields.(Anon_2)",0,1,2
Anonymous Class,"view.SearchTeacher.createButtons.(Anon_3)",0,1,2
Public Abstract Class,"view.ServiceItemView",4,1,3
Public Class,"view.SimCta",0,1,3
Anonymous Class,"view.SimCta.createLinkToClasses.(Anon_4)",0,1,2
Anonymous Class,"view.SimCta.createLinkToCourses.(Anon_5)",0,1,2
Anonymous Class,"view.SimCta.createLinkToPackages.(Anon_3)",0,1,2
Anonymous Class,"view.SimCta.createLinkToStudents.(Anon_2)",0,1,2
Anonymous Class,"view.SimCta.main.(Anon_1)",0,1,2
Public Class,"view.UpdateDirectorPassword",0,1,3
Anonymous Class,"view.UpdateDirectorPassword.UpdateDirectorPassword.(Anon_1)",0,1,2
Public Class,"view.View",9,1,2
Anonymous Class,"view.View.addClassOptionsToMenu.(Anon_4)",0,1,2
Anonymous Class,"view.View.addClassOptionsToMenu.(Anon_5)",0,1,2
Anonymous Class,"view.View.addCourseOptionsToMenu.(Anon_12)",0,1,2
Anonymous Class,"view.View.addCourseOptionsToMenu.(Anon_13)",0,1,2
Anonymous Class,"view.View.addDirectorOptionsToMenu.(Anon_3)",0,1,2
Anonymous Class,"view.View.addPackageOptionsToMenu.(Anon_10)",0,1,2
Anonymous Class,"view.View.addPackageOptionsToMenu.(Anon_11)",0,1,2
Anonymous Class,"view.View.addStudentsOptionsToMenu.(Anon_8)",0,1,2
Anonymous Class,"view.View.addStudentsOptionsToMenu.(Anon_9)",0,1,2
Anonymous Class,"view.View.addTeacherOptionsToMenu.(Anon_6)",0,1,2
Anonymous Class,"view.View.addTeacherOptionsToMenu.(Anon_7)",0,1,2
Anonymous Class,"view.View.instantiateMenuBar.(Anon_2)",0,1,2
Anonymous Class,"view.View.main.(Anon_1)",0,1,2
Public Class,"view.decorator.EditCourseDecorator",0,1,5
Anonymous Class,"view.decorator.EditCourseDecorator.createButtons.(Anon_1)",0,1,2
Anonymous Class,"view.decorator.EditCourseDecorator.createButtons.(Anon_2)",0,1,2
Public Class,"view.decorator.EditPackageDecorator",0,1,5
Anonymous Class,"view.decorator.EditPackageDecorator.createButtons.(Anon_1)",0,1,2
Anonymous Class,"view.decorator.EditPackageDecorator.createButtons.(Anon_2)",0,1,2
Anonymous Class,"view.decorator.EditPackageDecorator.createButtons.(Anon_3)",0,1,2
Anonymous Class,"view.decorator.EditPackageDecorator.createButtons.(Anon_4)",0,1,2
Public Class,"view.decorator.EditTeacherDecorator",0,1,5
Anonymous Class,"view.decorator.EditTeacherDecorator.createButtons.(Anon_1)",0,1,2
Anonymous Class,"view.decorator.EditTeacherDecorator.createButtons.(Anon_2)",0,1,2
Public Class,"view.decorator.EnrollStudentDecorator",0,1,5
Anonymous Class,"view.decorator.EnrollStudentDecorator.createButtons.(Anon_1)",0,1,2
Anonymous Class,"view.decorator.EnrollStudentDecorator.createButtons.(Anon_2)",0,1,2
Anonymous Class,"view.decorator.EnrollStudentDecorator.createButtons.(Anon_3)",0,1,2
Anonymous Class,"view.decorator.EnrollStudentDecorator.createButtons.(Anon_4)",0,1,2
Anonymous Class,"view.decorator.EnrollStudentDecorator.createButtons.(Anon_5)",0,1,2
Public Class,"view.decorator.NewCourseDecorator",0,1,5
Anonymous Class,"view.decorator.NewCourseDecorator.createButtons.(Anon_1)",0,1,2
Public Class,"view.decorator.NewPackageDecorator",0,1,5
Anonymous Class,"view.decorator.NewPackageDecorator.addCourse.(Anon_2)",0,1,2
Anonymous Class,"view.decorator.NewPackageDecorator.addCourse.(Anon_3)",0,1,2
Anonymous Class,"view.decorator.NewPackageDecorator.createButtons.(Anon_1)",0,1,2
Public Class,"view.decorator.NewTeacherDecorator",0,1,5
Anonymous Class,"view.decorator.NewTeacherDecorator.createButtons.(Anon_1)",0,1,2
Public Abstract Class,"view.decorator.PersonDecorator",5,1,4
Public Class,"view.decorator.ServiceItemDecorator",6,1,4
Public Class,"view.decorator.ShowCourseDecorator",0,1,5
Anonymous Class,"view.decorator.ShowCourseDecorator.createButtons.(Anon_1)",0,1,2
Anonymous Class,"view.decorator.ShowCourseDecorator.createButtons.(Anon_2)",0,1,2
Anonymous Class,"view.decorator.ShowCourseDecorator.createButtons.(Anon_3)",0,1,2
Public Class,"view.decorator.ShowPackageDecorator",0,1,5
Anonymous Class,"view.decorator.ShowPackageDecorator.createButtons.(Anon_1)",0,1,2
Anonymous Class,"view.decorator.ShowPackageDecorator.createButtons.(Anon_2)",0,1,2
Anonymous Class,"view.decorator.ShowPackageDecorator.createButtons.(Anon_3)",0,1,2
Public Class,"view.decorator.ShowStudentDecorator",0,1,5
Anonymous Class,"view.decorator.ShowStudentDecorator.createButtons.(Anon_1)",0,1,2
Anonymous Class,"view.decorator.ShowStudentDecorator.createButtons.(Anon_2)",0,1,2
Anonymous Class,"view.decorator.ShowStudentDecorator.createButtons.(Anon_3)",0,1,2
Anonymous Class,"view.decorator.ShowStudentDecorator.createButtons.(Anon_4)",0,1,2
Public Class,"view.decorator.ShowTeacherDecorator",0,1,5
Anonymous Class,"view.decorator.ShowTeacherDecorator.createButtons.(Anon_1)",0,1,2
Anonymous Class,"view.decorator.ShowTeacherDecorator.createButtons.(Anon_2)",0,1,2
Anonymous Class,"view.decorator.ShowTeacherDecorator.createButtons.(Anon_3)",0,1,2
Public Abstract Class,"view.decorator.class_decorator.ClassDecorator",3,1,4
Public Class,"view.decorator.class_decorator.EditClassDecorator",0,1,5
Anonymous Class,"view.decorator.class_decorator.EditClassDecorator.createButtons.(Anon_1)",0,1,2
Public Class,"view.decorator.class_decorator.NewClassDecorator",0,1,5
Anonymous Class,"view.decorator.class_decorator.NewClassDecorator.createButtons.(Anon_1)",0,1,2
Public Class,"view.decorator.class_decorator.ShowStudentsClassDecorator",0,1,5
Anonymous Class,"view.decorator.class_decorator.ShowStudentsClassDecorator.createButtons.(Anon_2)",0,1,2
Anonymous Class,"view.decorator.class_decorator.ShowStudentsClassDecorator.createButtons.(Anon_3)",0,1,2
Anonymous Class,"view.decorator.class_decorator.ShowStudentsClassDecorator.createLabelsAndFields.(Anon_1)",0,1,2
Public Class,"view.forms.ClassForm",0,1,4
Public Class,"view.forms.ClassShowForm",0,1,4
Public Class,"view.forms.PersonForm",2,1,4
Public Class,"view.forms.ServiceItemForm",0,1,4
Public Class,"view.forms.StudentForm",0,1,5
Public Class,"view.forms.TeacherForm",0,1,5
